{"cameraMode":{"drawMode":0,"name":"Shaded","section":"Shading Mode"},"sceneLighting":true,"audioPlay":false,"sceneViewState":{"m_AlwaysRefresh":false,"showFog":true,"showSkybox":true,"showFlares":true,"showImageEffects":true,"showParticleSystems":true,"showVisualEffectGraphs":true,"m_FxEnabled":true},"in2DMode":false,"pivot":{"x":3.219118595123291,"y":8.803040504455567,"z":-7.822278022766113},"rotation":{"x":0.03558390587568283,"y":-0.26365941762924197,"z":0.00973071064800024,"w":0.9639115929603577},"size":11.026960372924805,"orthographic":true}