{"cameraMode":{"drawMode":0,"name":"Shaded","section":"Shading Mode"},"sceneLighting":false,"audioPlay":false,"sceneViewState":{"m_AlwaysRefresh":false,"showFog":true,"showSkybox":false,"showFlares":true,"showImageEffects":true,"showParticleSystems":true,"showVisualEffectGraphs":true,"m_FxEnabled":true},"in2DMode":false,"pivot":{"x":0.0004032254219055176,"y":0.9227685928344727,"z":-0.05293627828359604},"rotation":{"x":-0.020170584321022035,"y":-0.7399019002914429,"z":0.02220197021961212,"w":-0.6720625758171082},"size":1.357051134109497,"orthographic":true}